id,camp,grade,gpa,gre
1,1,73.5,2.9,151
2,1,86.3,3.64,158
3,1,57.9,2.33,139
4,1,88.2,3.71,154
5,0,69.5,3.75,158
6,1,75.8,3.21,153
7,0,60,3.23,146
8,0,72.9,3.22,155
9,0,60.7,3.05,161
10,1,81.8,3.26,142
11,0,62.4,3,154
12,1,65.3,3.11,148
13,1,82.4,3.53,147
14,0,80,3.98,163
15,0,49.6,3.44,144
16,1,79.1,3.24,148
17,0,60.6,3.04,141
18,1,82.1,3.08,145
19,0,74.3,3.57,157
20,1,72.6,3.25,154
21,1,72.5,3.28,145
22,0,67.2,3.73,156
23,1,52.1,3.15,144
24,0,48.4,2.78,142
25,0,78.6,3.79,158
26,0,79.3,2.99,158
27,1,52.1,3.49,140
28,1,73.8,3.03,155
29,0,66.2,3.26,155
30,1,80.9,3.15,152
31,1,75.4,3.25,152
32,0,58.6,2.69,152
33,1,72.9,2.92,149
34,1,51.5,2.41,155
35,0,59.7,2.83,158
36,1,74.3,3.35,148
37,0,58.8,3.27,149
38,1,59.6,2.97,149
39,1,56.3,3.07,142
40,1,84.5,3.36,154
41,1,59.5,3,150
42,1,74.4,3.02,157
43,0,56.4,2.95,155
44,0,61.3,2.87,159
45,0,69.9,3.24,149
46,0,40.4,3.25,145
47,1,67.9,2.6,140
48,0,68.4,3.21,154
49,0,58.3,2.95,152
50,0,74.8,2.99,158
51,0,67.7,3.42,153
52,1,90.5,3.78,144
53,1,77,3.11,156
54,1,79.3,2.92,142
55,1,77.7,3.83,164
56,1,77.4,3.48,156
57,1,56.5,3.17,150
58,1,78.7,3.5,143
59,1,77,2.93,145
60,0,81,3.67,158
61,1,72.1,3.5,155
62,1,58.3,3.27,147
63,1,68.9,3.32,151
64,0,71.7,3.82,162
65,0,66.1,3.42,151
66,0,69.6,2.8,139
67,1,75.6,3.14,151
68,1,76.3,3.63,152
69,1,63.3,3.34,146
70,0,77.6,3.41,148
71,0,78.1,3.42,156
72,1,64.8,2.81,146
73,0,65.1,3.41,152
74,0,66.9,3.93,151
75,0,75.6,3.85,161
76,0,63.9,3.77,148
77,0,68.8,3.3,147
78,1,73,3.4,162
79,0,80.6,2.9,159
80,1,76,3.47,151
81,0,68.3,3.63,146
82,0,63.6,3.25,160
83,0,79.3,3.68,156
84,0,76.5,2.93,150
85,1,83.4,3.94,155
86,0,75.6,3.99,151
87,0,84.4,3.71,161
88,1,83.9,3.26,153
89,1,87.9,3.53,159
90,0,68.7,3.25,150
91,0,73.8,3.09,155
92,0,81.2,3.58,157
93,1,81.9,3.05,150
94,0,50.7,3.58,155
95,1,77.9,3.68,154
96,1,68.8,3.47,142
97,1,71.7,3.4,139
98,1,87.2,3.18,156
99,0,64.6,2.95,145
100,0,81.1,3.92,145
101,0,66.9,3.51,157
102,0,67.2,3.92,145
103,0,72.7,2.88,153
104,0,67.2,3.58,154
105,0,74.3,3.84,159
106,0,61.5,3.49,143
107,1,79.7,3.4,139
108,0,56.7,3.11,157
109,0,62.8,3.88,149
110,0,73.6,3.54,166
111,1,76,3.18,151
112,0,69,2.74,152
113,1,72.7,3.18,144
114,0,90.7,3.61,169
115,0,64.2,3.63,164
116,0,70.2,2.91,155
117,0,78.8,3.83,161
118,0,37.7,2.67,143
119,1,66.2,3.32,147
120,1,69.6,3.34,147
121,1,59.1,2.53,139
122,1,82.9,3.96,150
123,0,68.4,3.19,150
124,1,68.9,3.33,159
125,0,66.4,3.82,156
126,1,73.9,3.45,147
127,0,65.3,3.76,157
128,0,63.6,3.7,157
129,0,68.7,3.64,154
130,0,64.5,3.75,159
131,0,58.2,3.67,141
132,1,49.9,3.31,145
133,0,70.9,3.55,146
134,0,61.9,3.06,156
135,0,73.1,3.56,164
136,1,84.3,3.38,157
137,0,49,2.97,152
138,0,57.4,3.07,146
139,1,66.6,3.3,152
140,1,62.1,3.08,148
141,1,85.5,3.37,144
142,0,71,3.29,150
143,0,62.5,3.41,148
144,0,56.3,3.7,157
145,0,71.4,3.81,149
146,0,59.6,3.47,149
147,0,67.2,3.34,161
148,0,48.4,3.52,141
149,1,74,3.33,140
150,1,62.8,2.59,147
151,0,69.3,3.08,155
152,1,65,2.94,135
153,0,71.9,3.62,155
154,0,64.9,3.48,154
155,1,64.1,2.13,147
156,1,70,3.45,153
157,0,80.9,3.99,153
158,1,78,3.71,143
159,0,74.1,3.96,151
160,1,63.3,3.25,145
161,0,71.9,3.85,151
162,1,67.9,3.4,146
163,0,62.3,3.23,151
164,0,50.7,2.07,137
165,1,74.6,3.11,146
166,0,71.9,3.74,163
167,0,69.8,3.75,158
168,0,62.8,3.81,150
169,0,36.3,3.02,135
170,1,78.2,3.58,144
171,0,64.1,2.46,149
172,0,72.6,3.74,151
173,0,79.6,3.85,159
174,1,75.8,3.59,162
175,1,98.9,3.85,159
176,1,70,3.66,151
177,1,86,3.88,152
178,0,66.2,3.52,156
179,1,75.1,2.94,152
180,0,79.3,3.71,164
181,1,53.8,3.3,157
182,1,43.6,2.7,137
183,0,54.2,3.29,142
184,1,84.7,3.71,144
185,1,88.7,3.42,156
186,0,67.7,3.2,140
187,1,77.3,3.35,150
188,1,89.4,3.81,152
189,0,91.3,3.95,163
190,0,71.6,3.83,165
191,1,85.7,3.64,153
192,0,64.6,3.17,145
193,0,60,3.84,149
194,0,61.5,3.16,151
195,0,72.2,3.59,155
196,0,69.9,3.34,140
197,1,87.6,3.36,153
198,0,57,3.03,158
199,1,74.9,3.56,149
200,1,87.4,3.66,157
201,1,58.5,2.96,144
202,1,61.2,1.88,145
203,1,74.8,3.37,155
204,0,69,3.51,154
205,0,64.7,3.8,168
206,0,74.7,3.53,143
207,0,73.9,3.71,156
208,1,75.9,2.95,154
209,0,48.6,3.86,151
210,1,73.1,3.86,150
211,0,85.1,3.63,164
212,0,67.6,3.7,164
213,0,72.9,3.63,159
214,1,74,3.63,147
215,1,62.7,3.72,150
216,1,73.9,3.73,142
217,0,68.5,3.83,157
218,1,70.6,2.93,138
219,1,57.8,3.31,137
220,1,62.5,2.89,152
221,1,67.5,3.63,140
222,0,63.9,3.7,149
223,0,75.1,3.99,160
224,0,72.1,3.33,151
225,0,83.1,3.58,157
226,0,64.6,2.62,140
227,0,72.3,3.67,148
228,1,76.5,3.17,144
229,0,52.3,3.38,142
230,0,58.5,2.91,148
231,0,61.6,3.69,154
232,0,67.9,3.83,158
233,0,63.3,3.35,146
234,0,60.2,3.84,146
235,0,75,3.97,159
236,0,61.3,3.17,156
237,1,76,3.9,147
238,0,72.3,3.99,170
239,0,64.4,3.5,159
240,0,75.4,3.66,162
241,0,57.8,2.99,155
242,1,80.1,3.74,155
243,0,61.3,3.15,147
244,0,80.9,3.91,148
245,1,77.4,3.09,152
246,1,85.2,3.66,145
247,0,70.4,3.08,151
248,1,72,3.38,154
249,1,64.2,2.72,149
250,0,52.1,3.56,150
251,0,70.7,3.99,156
252,1,72.5,3.59,147
253,0,53.2,2.62,140
254,1,69.5,3.19,152
255,1,57.1,2.91,146
256,1,75.1,3.32,151
257,0,75.9,3.68,165
258,1,80.8,3.66,155
259,1,78.6,3.21,152
260,1,76,3.02,146
261,0,64,3.41,158
262,1,90.2,3.51,154
263,1,81.7,3.18,157
264,1,80.7,3.25,155
265,0,71.6,3.28,155
266,0,73.4,3.88,156
267,0,69.3,3.72,158
268,1,74.6,3.29,148
269,1,73.7,3.48,161
270,1,72.4,3.25,144
271,0,54.9,3.43,157
272,0,70.4,3.22,157
273,1,73.5,3.18,154
274,0,57.4,3.57,150
275,1,66.9,3.51,155
276,0,67.9,3.25,151
277,0,65.3,2.71,147
278,1,74.4,3.52,143
279,0,67.9,3.14,156
280,1,67.8,3.02,143
281,1,60.8,3.18,141
282,1,89.9,3.65,155
283,1,92.9,3.95,167
284,1,76.9,3.24,152
285,0,69.4,3.78,154
286,1,76.7,3.46,147
287,1,48.8,2.93,149
288,0,76.8,3.36,160
289,1,79.1,3.39,149
290,0,56.7,3.09,155
291,1,63.1,3.47,149
292,0,68.6,3.67,156
293,1,97.5,3.98,164
294,0,73.2,3.55,163
295,0,80.3,3.12,162
296,0,45.1,2.33,148
297,1,75.7,3.26,146
298,0,59.2,3.24,154
299,1,63.8,2.34,144
300,1,78.5,3.78,145
301,1,70.4,3.11,137
302,0,50.3,3.39,141
303,1,71.2,2.71,146
304,0,82.7,3.77,161
305,0,66.5,3.06,157
306,1,72.6,3.44,141
307,1,77.3,3.97,156
308,0,79.2,3.5,159
309,0,82.5,3.42,158
310,1,68.4,3.25,153
311,1,60.9,2.86,146
312,1,79.7,3.65,156
313,0,53,3.48,149
314,0,72.5,3.2,152
315,1,76.6,2.75,147
316,0,80.5,3.62,164
317,0,56.5,3.48,161
318,0,57.7,3.08,158
319,1,77.7,3.57,159
320,0,60.6,3.36,149
321,0,77.7,3.16,155
322,0,60.6,3.75,157
323,1,86.2,3.33,146
324,0,65.3,2.58,154
325,0,54.1,2.17,148
326,1,54.5,3.21,144
327,0,80.5,3.92,150
328,0,60.5,3.99,149
329,1,62.7,3.66,140
330,0,71.2,2.75,146
331,1,90.9,3.6,155
332,1,57.4,1.8,150
333,0,65.5,3.11,156
334,0,65.5,3.76,166
335,1,85.7,3.89,151
336,1,80.1,3.73,146
337,1,85.4,3.77,155
338,0,72.1,3.51,154
339,0,59.9,3.04,145
340,0,68.6,2.89,154
341,0,66,3.52,153
342,0,50.1,3.29,144
343,0,52.5,3.05,155
344,0,69.2,3.71,149
345,0,65,3.58,144
346,0,68.3,2.94,150
347,1,67.2,3.24,150
348,1,71.2,3.46,142
349,1,54.9,2.8,147
350,1,83.4,3.36,138
351,1,69.4,3.15,150
352,0,52,2.43,143
353,0,70.3,3.36,148
354,1,66.2,3.23,141
355,0,58.1,3.2,150
356,1,66.7,3.78,144
357,0,75.2,3.57,165
358,1,78.8,2.88,155
359,0,73.3,3.69,164
360,0,67.9,3.45,156
361,0,73.2,3.58,158
362,1,62.2,3.83,138
363,0,56.3,3.56,146
364,1,61.2,3.56,157
365,1,66.6,2.87,137
366,1,92.3,3.87,169
367,1,75.5,2.89,156
368,1,39.9,2.54,143
369,1,68.1,3.1,154
370,0,55,3.13,148
371,0,64.7,3.2,156
372,1,84.8,3.86,146
373,1,59.4,2.86,150
374,0,64.5,3.51,154
375,1,71.6,3.74,152
376,0,84.1,3.43,162
377,0,55.6,3.59,144
378,1,76.9,3.03,149
379,0,58.6,2.86,138
380,0,72.1,3.63,151
381,1,56,3.3,140
382,0,68.8,3.66,145
383,1,63.8,3.68,153
384,1,78.2,3.3,156
385,0,57.1,3.88,156
386,0,64.7,3.17,152
387,0,48.1,2.76,155
388,1,52.8,2.9,136
389,0,67.3,3.43,149
390,1,76.2,3.55,151
391,0,68.5,3.1,159
392,0,70.3,3.62,155
393,1,84.2,3.85,149
394,1,70.7,2.85,133
395,1,67.1,2.97,145
396,0,63.1,2.53,152
397,0,43,2.87,160
398,1,65,3.06,157
399,1,74.1,3.35,145
400,1,88,3.94,156
401,0,74.4,3.64,159
402,1,60.3,3.22,146
403,0,75.2,3.48,146
404,0,75,3.77,150
405,1,69.8,3.25,143
406,1,46,2.92,136
407,0,46.8,3.13,144
408,1,54.8,2.66,153
409,0,62.3,3.71,156
410,0,48.1,3.62,155
411,0,44,2.14,141
412,1,67.5,3.08,147
413,0,68.4,3.84,152
414,0,59.4,3.92,156
415,0,75.6,2.79,160
416,1,72.3,2.62,145
417,1,79,2.94,147
418,0,71.9,3.48,154
419,0,51.9,3.75,158
420,0,79.9,3.87,165
421,0,75.3,3.99,157
422,0,64.4,2.89,143
423,0,60.7,3.85,156
424,1,63.8,3.45,150
425,1,74.6,3.38,146
426,1,61.1,2.74,138
427,1,78.5,3.75,159
428,0,57.4,3.68,156
429,1,59.4,3.49,152
430,1,77.7,2.97,143
431,0,72,3.08,148
432,1,67.8,3.49,144
433,0,71.5,3.32,148
434,0,62.1,3.06,152
435,0,41.9,2.15,143
436,1,76.2,3.75,156
437,0,72.9,3.71,157
438,0,78.5,3.43,163
439,0,55.6,3.5,151
440,0,43.2,3.16,138
441,0,76.9,3.08,158
442,0,75.6,3.33,165
443,0,67.9,3.61,158
444,1,66.7,3.49,142
445,1,85.8,3.6,154
446,0,68.5,3.6,154
447,0,80.9,3.86,156
448,0,53.5,3.36,149
449,1,88,3.72,152
450,1,75.6,2.9,157
451,1,66.5,3.36,146
452,0,61.4,3.76,166
453,1,84.4,3.29,154
454,0,68,3.67,156
455,1,67.4,3.72,155
456,0,66.3,3.17,158
457,0,72,3.49,153
458,0,72,3.22,152
459,1,52.5,2.94,141
460,1,73.2,2.58,144
461,0,68.1,3.6,155
462,1,66.5,3.8,156
463,0,69.3,3.82,156
464,1,66.6,2.81,145
465,1,68.1,2.94,139
466,0,54.6,2.93,142
467,1,75.6,3.16,144
468,1,74,3.59,156
469,1,75.8,3.8,147
470,0,44.3,3.09,147
471,0,57.5,2.07,152
472,0,65.8,3.98,150
473,0,83.1,3.81,161
474,0,67.6,3.15,149
475,0,65,2.96,143
476,1,78.1,3.35,148
477,0,72.8,3.55,152
478,0,62.1,3.86,150
479,0,55,3.08,154
480,0,73.4,3.65,152
481,1,77.2,3.05,155
482,0,60.7,3.39,162
483,1,57.9,2.61,148
484,0,73.2,3.64,142
485,1,70.2,3.18,141
486,0,52.7,3.04,146
487,1,61.1,3.11,153
488,1,83,3.72,151
489,0,55.7,2.42,141
490,0,51,3.29,156
491,0,67.8,2.99,149
492,0,63.6,3.02,148
493,0,49.5,3.74,148
494,1,76.8,3.68,164
495,0,64.1,3.45,152
496,0,67.7,3.77,157
497,1,55.1,3.2,152
498,1,57.4,2.49,147
499,0,68.7,3.38,151
500,0,60.9,3.32,146
501,0,78.4,3.58,156
502,1,84.2,3.88,149
503,0,75.4,3.71,166
504,0,61.4,3.96,155
505,0,71.6,3.52,158
506,1,74.4,3.25,159
507,0,56,3.35,147
508,0,65.8,3.91,155
509,0,64.7,3.08,149
510,1,57.4,3.02,140
511,0,80.4,3.66,155
512,0,81.1,3.81,153
513,1,60,2.65,145
514,0,80.1,3.89,155
515,1,65.6,3.51,147
516,0,64.3,3.41,144
517,1,68.7,2.93,143
518,0,66.8,3.18,159
519,0,79.9,3.57,158
520,1,91.7,3.74,158
521,1,91.1,3.57,153
522,0,70.4,2.77,153
523,0,63.2,3.25,145
524,0,56,3.59,139
525,1,72.9,3.08,154
526,1,54.5,3.17,142
527,0,68.9,3.67,158
528,1,74.9,3.05,150
529,1,73.5,3.5,148
530,0,65,3.8,142
531,1,80.5,3.06,155
532,1,74.3,3.31,144
533,0,51.5,4,146
534,1,73.9,3.27,150
535,0,53.5,2.67,137
536,0,82,3.71,156
537,0,45.5,2.79,143
538,1,65.9,2.77,154
539,0,45.6,3.54,139
540,1,65.2,3.53,161
541,1,85.5,3.48,146
542,0,61.9,3.65,155
543,0,61.8,3.16,142
544,0,71.5,3.56,149
545,0,60,3.24,150
546,0,56.8,3.47,151
547,1,66.2,2.93,144
548,0,56.8,3.44,148
549,0,61.5,3.55,154
550,1,73.7,3.15,139
551,1,61.6,3.52,142
552,1,85.3,3.18,154
553,0,70.3,3.18,148
554,1,83.1,3.4,155
555,1,80,3.75,162
556,1,57.2,3.4,142
557,0,63.1,3.6,151
558,0,64.5,3.99,145
559,1,64.2,3.36,143
560,0,60.8,3.45,148
561,0,73.1,3.76,161
562,1,74.4,2.87,149
563,1,80.2,3.77,148
564,1,73.7,3.23,142
565,0,65,2.93,155
566,0,51.9,2.62,146
567,1,81,3.14,151
568,0,54.5,2.91,149
569,1,71.5,2.91,140
570,0,74,2.89,155
571,0,72.5,4,158
572,0,70.1,3.77,164
573,1,83.4,3.06,159
574,0,70.7,3.19,154
575,1,83,3.29,145
576,1,63.6,3.6,153
577,1,67.6,3.33,149
578,1,73.9,3.91,163
579,0,49.9,3.35,147
580,1,73.5,2.42,151
581,0,47.4,3.45,148
582,1,53.6,2.57,142
583,0,72.5,3.97,160
584,1,74.4,3.13,154
585,1,68.6,2.94,150
586,1,81.7,3.2,158
587,0,66.1,3.79,158
588,0,56.3,2.54,147
589,1,82.9,3.63,149
590,0,73.4,3.01,147
591,0,75.5,3.5,161
592,0,77.7,3.84,152
593,0,63.4,3.78,156
594,1,80.5,3.56,152
595,1,61.8,3.15,145
596,0,72.8,3.35,144
597,1,91.3,3.9,156
598,0,78.8,3.97,162
599,1,82.9,3.73,148
600,1,73,3.4,143
601,1,69.7,2.88,141
602,1,58.9,3.32,143
603,1,67.5,3.23,143
604,0,61.9,3.66,144
605,1,46.4,3.03,139
606,0,67,3.84,149
607,1,67.8,2.92,143
608,0,56.6,3.28,142
609,0,63.3,3.57,160
610,0,63.8,3.31,150
611,1,64.9,2.9,141
612,1,61,2.17,139
613,0,77.8,3.49,150
614,0,70.8,3.48,153
615,1,48.9,2.5,151
616,1,76.9,3.17,149
617,0,72.7,3.94,149
618,0,68.3,3.67,160
619,0,58.8,3.56,146
620,0,64.1,3.19,141
621,0,83.8,3.6,159
622,0,67.7,3.38,145
623,1,81.6,3.56,161
624,1,72.9,3.21,145
625,1,84.7,3.32,156
626,0,73.2,3.35,157
627,1,75.4,3.32,152
628,0,61.5,3.35,158
629,1,86.1,3.55,149
630,1,82.2,3.69,150
631,0,71.3,3.84,153
632,0,65.9,3.37,160
633,0,64.1,3.04,158
634,1,69.7,2.79,159
635,0,68.2,3.52,166
636,1,84.6,3.53,150
637,0,71.9,3.55,155
638,0,54.5,3.93,165
639,0,66.9,3.45,159
640,0,72.2,3.55,154
641,0,76.1,3.55,150
642,0,74.5,3.12,158
643,0,69.1,3.7,154
644,1,70,2.95,152
645,0,65.4,2.77,149
646,0,57.5,3.44,150
647,1,64.4,2.95,144
648,1,90.7,3.79,161
649,1,77.5,3.43,143
650,1,75.3,3.12,140
651,0,44.2,3.45,155
652,1,73.4,3.44,156
653,1,84.4,3.34,146
654,0,79.9,3.69,160
655,0,56.2,2.98,151
656,0,51.7,3.41,150
657,0,67.1,3.67,159
658,0,53.3,3.41,154
659,1,65.2,2.85,142
660,0,68.3,3.36,144
661,0,65.9,3.41,151
662,1,71.9,3.46,151
663,0,51.2,3.27,153
664,1,54.6,2.71,139
665,1,67.4,3.75,144
666,1,86.9,3.44,156
667,1,67.3,3.4,159
668,0,56.6,3.82,160
669,1,58.4,2.05,142
670,0,71.3,3.22,154
671,0,64.9,3.42,156
672,1,80.9,3.8,150
673,1,88,3.37,151
674,1,81.8,3,146
675,1,73.2,3.69,150
676,1,78.9,3.51,159
677,1,90.2,3.56,153
678,1,65.8,3.23,149
679,1,72.2,2.88,138
680,1,57,2.86,146
681,1,68.2,2.99,149
682,0,45.6,2.81,149
683,1,74.3,3.48,145
684,0,77.6,3.45,150
685,0,59.9,3.89,148
686,1,71.8,2.95,141
687,0,72.5,3.39,159
688,1,72.2,3.78,156
689,0,68.9,3.32,159
690,0,77.9,3.89,152
691,0,65.4,3.85,153
692,0,45.4,3.18,155
693,1,62,3.11,157
694,0,75.7,3.4,151
695,0,61.7,3.5,151
696,0,61.4,3.47,150
697,1,76.6,3.22,143
698,1,63.6,3.04,150
699,0,61.4,2.93,147
700,0,84.4,3.96,162
701,0,44.3,3.01,149
702,1,79.2,3.83,146
703,1,90.9,3.43,146
704,0,49.4,3.23,152
705,0,43.9,2.96,146
706,0,69.2,3.49,152
707,0,56.8,3.38,154
708,0,65.8,3.58,154
709,1,63.8,3.2,149
710,0,63.2,3.81,158
711,0,64.8,3.86,158
712,0,74.9,3.6,153
713,0,71.3,3.21,152
714,0,76.1,3.46,156
715,1,65.6,2.69,141
716,1,88.5,3.56,150
717,1,80,3.29,157
718,0,77.1,3.7,153
719,0,64.9,3.37,144
720,0,62.6,2.81,140
721,1,77.9,3.52,149
722,1,69.8,2.82,150
723,1,91.4,3.95,157
724,1,56.4,2.59,145
725,0,78.6,3.43,159
726,0,66.2,3.73,141
727,1,71.9,2.74,145
728,0,55.9,3.06,149
729,1,72.9,3.25,144
730,1,74.9,3.58,151
731,1,85,3.33,160
732,0,53.7,2.98,145
733,0,67.6,3.7,149
734,1,80.2,3.24,146
735,0,76.1,3.75,148
736,0,55.2,3.25,158
737,1,64.8,3.02,147
738,0,72.5,3.45,149
739,0,76.8,3.82,152
740,1,83.2,3.62,151
741,0,62.2,3.47,147
742,0,48.1,2.53,142
743,0,72.7,3.48,153
744,0,71.9,3.07,153
745,0,66.7,3.4,152
746,0,64.2,3.63,140
747,1,75.7,2.74,150
748,1,86.3,3.86,157
749,0,80.8,3.62,163
750,0,61,3.99,145
751,0,54.2,3.23,152
752,1,75.1,3.25,149
753,1,85,3,156
754,1,76.7,3.32,153
755,1,76.2,3.97,149
756,1,75.4,3.96,153
757,1,78.9,2.59,148
758,0,63.1,3.91,149
759,0,57.4,3.81,165
760,1,61.9,3.07,150
761,1,83.3,3.86,158
762,0,69.8,3.83,149
763,0,42.8,3.31,151
764,0,75.9,3.92,166
765,0,51.4,3.56,161
766,1,74,3.47,142
767,1,81.2,3.88,152
768,1,59.2,2.06,148
769,1,73.2,3.29,146
770,0,31.5,2.76,139
771,0,84.3,3.79,159
772,0,73.8,3.28,153
773,0,84.6,3.95,157
774,0,60,3.73,152
775,0,59.2,3.51,153
776,1,74.6,3.46,159
777,0,69.8,3.32,153
778,0,72.4,3.6,155
779,1,73,2.95,136
780,1,86.8,3.84,152
781,1,71.6,3.3,149
782,1,79.6,3.13,151
783,1,61,3.34,146
784,1,67.8,2.62,142
785,0,59.2,3.33,142
786,0,55.2,3.55,156
787,1,72.7,3.23,153
788,0,58.9,3.29,158
789,1,77.2,3.69,158
790,1,70.9,3.61,144
791,1,50.7,3.16,149
792,1,69.1,3.78,148
793,1,64.9,3.59,147
794,0,65.1,3.84,150
795,1,82.7,2.84,150
796,1,86.4,3.12,147
797,0,65.5,3.4,142
798,1,63,3.98,152
799,1,58.2,3.24,147
800,1,57,2.98,140
801,1,79.8,3.89,146
802,0,74.6,3.73,163
803,0,51.8,2.89,147
804,1,78.6,2.81,151
805,1,62.2,2.64,138
806,1,67.7,3.55,152
807,1,74,2.93,149
808,0,70.2,3.31,161
809,0,55.6,3.33,157
810,1,76.6,3.66,146
811,1,70.4,2.94,145
812,1,56.3,2.12,142
813,0,82,3.45,159
814,1,65.5,3.13,143
815,0,63.6,3.61,155
816,1,73.8,3.08,151
817,1,72.5,3.9,152
818,0,65.5,3.51,157
819,1,61,3.8,142
820,1,54.2,3,147
821,0,42,3.39,151
822,0,54.7,3.67,149
823,1,69.1,3.46,149
824,1,66,2.52,146
825,0,68.8,3.88,166
826,0,79.9,3.51,151
827,1,88.9,3.97,157
828,1,80.5,3.45,144
829,1,49,2.13,150
830,1,92.3,3.71,149
831,0,60.4,3.39,159
832,1,63.4,3.01,143
833,1,86.5,3.17,155
834,1,81.8,3.53,143
835,1,92.2,3.59,160
836,0,55.7,3.01,150
837,0,65.2,3.28,157
838,0,64.2,3.09,154
839,0,63.2,2.88,163
840,0,59.1,3.16,162
841,0,81.2,3.95,141
842,1,89.4,3.87,160
843,0,64.6,3.57,149
844,0,61,3.64,147
845,1,83.8,3.79,145
846,0,65.9,3.61,154
847,1,67.4,3.58,144
848,1,56.9,3.98,145
849,1,90.5,3.42,154
850,1,79.2,3.63,148
851,1,64.5,3.05,146
852,0,49.7,2.59,152
853,0,53.8,3.39,148
854,1,88.5,3.77,152
855,0,73.4,3.74,157
856,0,69.9,3.88,156
857,0,77.5,3.28,155
858,1,74.9,2.9,151
859,0,69.9,3.65,152
860,1,66.7,2.73,135
861,0,66.5,3.82,146
862,1,86.8,3.85,161
863,1,51.6,2.55,137
864,0,61.3,3.97,154
865,0,62.4,3.39,152
866,0,56.7,3.16,149
867,0,69.7,3.72,165
868,1,58.3,2.9,135
869,0,58.1,3.28,158
870,0,65.1,3.57,152
871,1,81,3.53,156
872,1,66.8,3.28,144
873,0,54.5,2.33,151
874,1,83.6,3.36,155
875,1,67.5,2.91,149
876,1,64.5,3.52,144
877,1,81.7,3.08,158
878,0,54.3,3.44,149
879,0,74,3.13,146
880,0,61.4,3.3,156
881,1,78.4,3.31,154
882,0,73.7,3.86,154
883,1,67.3,3.38,153
884,1,62.5,2.89,142
885,0,71.9,2.78,154
886,0,66.7,2.91,144
887,1,68.2,3.11,138
888,1,67.5,3.01,162
889,1,59.2,3.05,144
890,0,69,3.45,157
891,0,54.6,3.14,140
892,1,65.7,3.84,150
893,0,60.5,3.6,158
894,1,61.6,2.89,156
895,0,74,3.22,155
896,1,85.2,3.77,157
897,1,96.6,3.92,156
898,0,66.2,3.49,154
899,1,65,2.64,152
900,0,61.1,3.13,142
901,1,65.5,3.39,149
902,1,83.5,3.75,152
903,0,72.6,3.53,142
904,1,86,3.53,161
905,0,69.3,3.69,163
906,0,59.8,3.36,150
907,0,68.5,3.29,143
908,1,89.2,3.55,161
909,1,60.8,3.09,144
910,0,58.9,3.36,146
911,0,43,3.24,148
912,0,60.2,3.06,144
913,0,77.4,3.97,153
914,1,71.5,2.86,142
915,1,81.1,3.27,156
916,0,68.6,3.66,153
917,0,78.4,3.45,152
918,1,82.4,3.63,147
919,1,45.4,2.84,144
920,1,65.1,3.28,152
921,0,61.7,2.65,138
922,0,70.6,3.08,152
923,0,63,3.63,155
924,1,70.2,3.54,144
925,1,61.2,3.03,151
926,1,66.9,3.22,145
927,1,73.6,2.99,146
928,1,64.2,3.53,155
929,1,79.1,3.88,149
930,0,71.6,3.65,149
931,1,78.7,3.19,142
932,0,60.1,3.78,152
933,1,86.5,3.69,154
934,1,84.8,3.92,151
935,0,63.9,3.28,144
936,0,67.5,2.91,154
937,1,71,3.46,143
938,1,87.7,3.65,158
939,0,60.8,3.47,160
940,1,68.4,3.71,144
941,0,72.2,3.46,158
942,0,68,3.38,149
943,1,82.6,3.44,150
944,1,81.2,3.49,149
945,0,86.3,3.56,159
946,1,61.9,3.22,146
947,0,70.9,3.54,143
948,1,72.2,3.15,144
949,1,67.2,2.95,151
950,0,61.9,3.9,167
951,1,91,3.83,158
952,0,43.6,3.22,160
953,0,64.2,3.4,156
954,1,77.3,3.36,156
955,0,72.8,3.02,159
956,1,84.3,3.49,148
957,1,78.7,3.43,141
958,0,58.3,3.53,150
959,1,85.4,3.72,144
960,0,65.2,3.95,147
961,0,67.5,3.66,156
962,1,86.2,4,148
963,1,50.1,2.03,141
964,0,73.1,3.32,156
965,0,76,3.78,158
966,0,46.6,2.94,141
967,1,76.3,3.02,147
968,0,51.8,3.64,147
969,0,52.4,3.28,153
970,0,57.2,2.63,152
971,0,82.3,3.95,156
972,1,55.4,3.08,157
973,0,72.1,3.69,151
974,0,80.8,3.71,163
975,0,79.6,3.6,155
976,0,74.2,3.83,151
977,1,57.5,3.3,141
978,0,42.9,2.67,147
979,0,61.3,3.57,143
980,1,66.9,2.8,151
981,1,68.2,3.47,152
982,0,69.3,3.55,147
983,0,63.6,3.33,155
984,0,53.9,3.02,145
985,1,59.8,3.88,148
986,0,58.1,3.31,145
987,0,59.1,3.01,141
988,0,66.3,3.69,150
989,0,66.6,3.49,161
990,0,67.7,3.9,159
991,0,67.8,3.15,158
992,0,52.1,3.57,153
993,1,52.9,2.71,140
994,0,76.2,3.97,158
995,1,50.4,3.33,148
996,1,59.4,3.19,147
997,0,74.7,2.95,155
998,1,67.5,3.34,154
999,0,76.1,3.84,163
1000,0,51.5,3.57,148
1001,0,67.3,3.46,145
1002,1,61,3.4,142
1003,0,62,3.98,154
1004,1,74.2,2.96,145
1005,1,83.8,3.63,150
1006,1,84.1,3.71,149
1007,1,72.9,2.92,158
1008,1,83.5,3.09,158
1009,0,51.2,3.14,156
1010,1,63.4,2.78,143
1011,1,72.9,3.52,150
1012,1,57.9,2.28,142
1013,1,79.4,3.88,154
1014,1,69.3,3.4,147
1015,0,67.5,3.12,157
1016,1,63.4,3.89,149
1017,0,74.1,3.82,162
1018,0,68.5,3.55,156
1019,0,53.9,3.04,151
1020,1,61.6,3.15,147
1021,1,58.1,2.69,133
1022,0,52.4,3.42,146
1023,0,67.8,3.12,156
1024,0,57.5,2.42,156
1025,0,55.4,3.29,150
1026,0,52.4,3.23,138
1027,1,77.3,2.8,156
1028,0,57.6,3.94,153
1029,0,48.4,2.73,145
1030,0,68.6,3.79,145
1031,1,76,3.7,150
1032,0,75.5,3.57,153
1033,0,67.4,3.81,167
1034,1,72.1,2.98,151
1035,0,49.3,3.18,150
1036,0,78,3,157
1037,0,50.9,3.42,147
1038,0,59.6,3.57,149
1039,1,77.9,3.8,148
1040,1,80.5,3.76,149
1041,0,84.3,3.8,157
1042,1,66.7,3.21,152
1043,0,71,3.88,163
1044,0,79.3,3.73,158
1045,1,78.5,3.56,154
1046,1,67.5,3.05,152
1047,1,88,3.79,148
1048,1,69.7,3.53,162
1049,0,63.8,3.32,151
1050,1,91.6,3.96,163
1051,0,69.5,4,152
1052,1,80,3.94,159
1053,1,66.5,2.19,153
1054,1,80.6,3.05,146
1055,1,91.5,3.97,154
1056,0,51.2,3.13,154
1057,0,64.5,3.7,158
1058,0,56.6,3.59,146
1059,1,50.7,3.14,157
1060,1,77.6,3.47,142
1061,1,80.1,3.67,153
1062,0,78.7,3.41,155
1063,0,65.7,3.65,157
1064,1,73.5,2.83,152
1065,1,87.9,3.82,162
1066,0,66.4,3.6,152
1067,0,81.1,3.82,168
1068,0,70.1,3.29,154
1069,0,81.6,3.43,159
1070,0,66,3.56,162
1071,1,82.2,3.45,149
1072,0,78,3.92,168
1073,0,67.7,3.12,148
1074,1,71.2,3.6,157
1075,1,90.3,3.79,157
1076,0,53,2.88,145
1077,0,64,3.61,150
1078,0,62.7,3.2,149
1079,0,62.4,3.85,151
1080,1,76.8,2.64,150
1081,0,62,3.96,159
1082,1,83.5,3.61,152
1083,1,58.1,3.22,149
1084,0,75.2,3.32,144
1085,1,59.7,2.86,142
1086,0,67.7,3.69,149
1087,1,77,2.68,143
1088,0,82.5,3.43,159
1089,1,76.3,3.73,158
1090,1,68.4,3.54,147
1091,0,79.4,3.93,161
1092,1,74.7,3.53,150
1093,0,63.8,3.07,149
1094,0,43.7,2.69,147
1095,1,73.9,2.96,152
1096,1,80.5,3.05,144
1097,1,58.6,2.74,152
1098,1,79.1,3.2,151
1099,1,73.1,3.54,154
1100,0,62.6,3.78,157
1101,0,64.9,3.58,160
1102,0,55.6,2.92,153
1103,1,59.5,3.65,149
1104,1,79.6,3.41,146
1105,1,53.1,3.17,143
1106,0,61.4,3.15,144
1107,1,89.1,3.62,153
1108,1,90.4,3.76,150
1109,1,83.2,3.68,160
1110,0,60.7,3.72,152
1111,1,68.6,3.26,136
1112,0,62.7,3.55,165
1113,0,80.6,3.83,163
1114,1,78.2,2.4,156
1115,0,63.8,3.45,161
1116,1,76.6,3.52,138
1117,0,72.4,3.38,149
1118,0,71.5,3.53,157
1119,1,73.3,2.5,149
1120,0,60.4,3.67,154
1121,1,70.9,3.5,152
1122,1,66.1,3.25,138
1123,1,51.8,2.07,139
1124,1,73.6,3.29,150
1125,1,73.7,3.56,153
1126,1,66.8,3.46,144
1127,1,71,3.2,150
1128,1,76.2,3.66,155
1129,1,63.8,3.04,145
1130,1,79,3.85,153
1131,1,69.3,3.91,154
1132,0,71,3.98,161
1133,1,82.6,3.9,144
1134,0,73.7,3.32,159
1135,1,82.6,3.49,153
1136,0,75.6,3.81,162
1137,0,77.7,3.67,162
1138,1,72.1,3.19,150
1139,1,85.6,3.51,153
1140,1,82.4,3.38,144
1141,0,87.7,3.57,164
1142,1,87.3,3.43,161
1143,0,52,3.57,152
1144,1,82.8,3.53,154
1145,1,61.9,3.16,149
1146,1,83.3,3.29,143
1147,0,65,2.72,157
1148,1,76.2,3.7,144
1149,0,75.1,3.92,163
1150,1,70,2.83,140
1151,1,82.9,3.7,149
1152,0,67.2,3.66,150
1153,1,85.2,3.6,146
1154,0,63.4,3.54,154
1155,0,75.3,3.67,154
1156,0,71.8,3.73,159
1157,1,79.1,3.74,154
1158,1,65.1,3.23,158
1159,0,68.4,3.47,161
1160,0,63.9,3.25,146
1161,0,63.2,3.69,168
1162,1,77.7,3.7,148
1163,1,85.8,3.86,160
1164,1,66.5,3.04,147
1165,0,67.6,3.43,140
1166,0,74.5,3.26,157
1167,0,71.4,3.32,153
1168,1,67.9,3.81,151
1169,0,63.8,3.2,149
1170,1,79.4,3.71,154
1171,0,67.9,3.54,152
1172,1,68.8,2.7,143
1173,1,57.5,3.33,145
1174,0,73.4,3.36,152
1175,0,80.9,3.83,148
1176,0,45.8,3.04,155
1177,1,49.2,2.7,142
1178,0,70.4,3.85,147
1179,1,77,2.73,150
1180,1,75,3.92,151
1181,1,75,3.67,160
1182,0,68.7,3.32,145
1183,0,43.6,3,152
1184,0,59.5,3.44,159
1185,1,68.4,3.83,142
1186,1,68.7,2.96,142
1187,1,77.4,3.44,152
1188,1,54.3,3.49,147
1189,0,73.7,3.13,154
1190,0,58,2.83,150
1191,1,58.4,2.81,143
1192,0,76.8,3.43,154
1193,0,63.7,2.5,155
1194,0,49.8,2.72,150
1195,1,67.4,3.41,155
1196,1,68.6,3.56,153
1197,0,66.5,3.5,160
1198,1,80,3.6,159
1199,1,84.1,3.84,152
1200,1,91.3,3.9,160
1201,1,66.1,2.49,139
1202,0,60.8,3.52,156
1203,1,78.8,3.81,145
1204,0,72.3,3.41,149
1205,0,66.6,3.61,154
1206,0,61.4,3.95,157
1207,0,62.8,3.43,148
1208,0,77.1,3.73,152
1209,0,54,2.7,148
1210,1,69,3.41,157
1211,1,71.6,3.78,149
1212,1,70.1,3.58,144
1213,1,74.1,2.81,143
1214,1,62.8,2.56,144
1215,1,70.3,3.47,160
1216,0,72,3.84,159
1217,0,55.8,3.15,146
1218,1,87,3.69,158
1219,1,88,3.79,142
1220,0,86.6,3.99,161
1221,1,77.5,3.79,153
1222,0,68.5,3.62,158
1223,1,77,2.72,154
1224,1,86,3.25,151
1225,0,77.2,3.93,148
1226,1,95.2,3.73,154
1227,0,57.8,3.05,156
1228,1,72.5,3.66,146
1229,1,64.3,3.45,140
1230,0,57.8,3.48,147
1231,1,81.2,3.31,141
1232,0,64.7,3.37,158
1233,0,60.7,3.06,151
1234,1,74.7,3.58,145
1235,0,68.9,3.2,147
1236,0,67.3,3.7,149
1237,1,74.3,3.93,151
1238,1,66.5,3.29,148
1239,0,64.2,3.35,144
1240,0,76.3,3.47,154
1241,1,53.2,2.5,140
1242,0,82.6,3.58,164
1243,0,55,3.52,144
1244,1,56.6,3.37,149
1245,0,47.5,2.99,151
1246,0,68.7,3.27,157
1247,0,64.7,3.57,153
1248,0,56.1,3.2,146
1249,0,53.5,3.17,155
1250,0,77.4,3.58,151
1251,1,63.6,3.36,159
1252,1,63.9,3.25,142
1253,0,84.6,3.7,152
1254,1,84.6,3.61,150
1255,1,87.5,2.96,158
1256,1,56.8,2.81,139
1257,0,65.9,3.8,160
1258,0,73.1,3.08,158
1259,1,74.2,3.02,139
1260,0,56.2,3.54,149
1261,1,79.2,3.23,155
1262,0,81.7,3.89,155
1263,1,86.8,3.99,151
1264,0,66.5,2.99,151
1265,0,74.1,3.2,151
1266,0,71.7,3.66,150
1267,0,54.8,2.82,149
1268,0,54.8,3.31,149
1269,0,58.9,3.49,158
1270,0,71.9,3.47,161
1271,0,75.5,3.61,157
1272,0,42.6,3.59,146
1273,0,80.3,3.95,163
1274,1,87.8,3.47,150
1275,0,70.7,3.09,152
1276,1,75.3,3.44,147
1277,1,72.2,3.4,155
1278,1,64.6,3.52,152
1279,0,64.3,3.78,160
1280,0,64.4,2.82,159
1281,0,63.7,3.15,149
1282,0,61.2,3.22,154
1283,0,52.9,3.34,150
1284,1,56.6,3.31,141
1285,1,77.7,3.73,149
1286,0,42.5,2.87,152
1287,1,60.7,3.24,141
1288,0,53.5,3.22,152
1289,1,71.1,3.31,151
1290,0,72.2,3.2,157
1291,1,84,3.88,140
1292,0,82.1,3.62,163
1293,1,56.8,2.79,146
1294,1,78.7,3.97,143
1295,1,74.1,2.55,142
1296,1,84.9,3.39,155
1297,1,77.3,3.88,165
1298,0,67.4,3.69,155
1299,0,75.7,3.8,163
1300,0,72.1,3.8,157
1301,0,55.8,3.28,149
1302,0,44.3,3.37,154
1303,0,51,3.04,149
1304,1,60.6,2.53,143
1305,0,60.5,3.36,153
1306,0,72.3,3.91,147
1307,1,67.3,3.4,145
1308,0,70.9,3.92,148
1309,0,54.1,3.07,157
1310,0,76.8,3.47,156
1311,1,67.8,3.51,148
1312,0,67.7,3.63,153
1313,1,75.2,3.24,148
1314,1,73,3.19,147
1315,1,73.5,3.37,149
1316,0,84.5,3.96,153
1317,0,66.9,3.2,152
1318,1,60.1,3.53,140
1319,0,68.2,3,150
1320,0,70.4,3.12,155
1321,1,83.1,3.19,150
1322,1,78.1,2.84,147
1323,1,53.2,2.5,139
1324,1,89.6,3.88,161
1325,1,77,3.7,157
1326,0,55.7,3.08,142
1327,0,70.6,3.98,157
1328,1,75.4,2.22,140
1329,1,71.4,3.58,161
1330,0,76.3,3.24,163
1331,0,57.6,2.95,156
1332,0,59.7,3.06,159
1333,0,76.8,3.18,159
1334,1,60.8,2.45,145
1335,1,67.5,3.18,135
1336,0,82.8,3.99,150
1337,0,63.9,3.12,155
1338,1,67,3.47,147
1339,0,67.2,3.56,148
1340,0,65.9,3.74,169
1341,1,80.3,3.03,141
1342,0,55.3,3.11,155
1343,0,81.3,3.29,163
1344,0,81.7,3.71,159
1345,0,68,3.45,155
1346,0,47,2.94,151
1347,1,88.2,3.46,154
1348,1,64.5,3.7,144
1349,1,71.9,3.32,152
1350,1,56.1,3.06,136
1351,1,68,3.03,157
1352,1,71.3,3.39,148
1353,0,73.6,3.67,152
1354,1,89.4,3.98,160
1355,1,76.6,2.83,136
1356,0,67.7,3.1,146
1357,1,65.5,2.48,151
1358,0,60.2,3.56,153
1359,0,62.7,3.86,142
1360,1,82.4,3.63,150
1361,0,77.3,3.79,158
1362,0,58.1,3.21,148
1363,0,72.3,3.72,158
1364,0,72.6,3.79,164
1365,0,64.9,3.04,151
1366,1,73.9,3.38,152
1367,0,60.6,2.89,145
1368,0,62.4,3.46,164
1369,1,75.5,3.27,153
1370,1,65.9,3.53,141
1371,0,68.4,3.89,153
1372,0,59.7,2.71,155
1373,1,71.1,2.82,144
1374,0,61.4,3.04,157
1375,0,59.4,3.65,157
1376,0,65.7,3.54,152
1377,0,69.3,2.88,148
1378,0,50.2,3.28,161
1379,1,60.4,2.45,138
1380,0,67.3,3.18,156
1381,0,61.7,3.37,154
1382,0,51.9,3.43,154
1383,0,47.9,3.52,147
1384,0,63.8,3.71,152
1385,0,80.5,3.85,156
1386,0,66.9,3.84,148
1387,0,57.7,2.66,149
1388,0,80,3.87,152
1389,0,69.5,3.04,145
1390,1,88.4,3.48,149
1391,1,63.1,2.54,144
1392,0,48.9,3.61,151
1393,0,55.1,3,153
1394,0,65.2,2.41,146
1395,1,77.6,2.66,145
1396,1,69.3,2.79,147
1397,1,96.5,3.78,162
1398,0,57.9,3.66,146
1399,1,79.3,3.84,147
1400,0,40,3.23,146
1401,1,60.8,3.59,144
1402,1,67.3,3.71,152
1403,0,65.2,3.46,154
1404,1,71.7,2.95,137
1405,1,74,3.95,150
1406,1,80.2,3.41,153
1407,1,71.6,3.44,155
1408,0,74.6,3.35,153
1409,0,53.7,3.37,160
1410,0,77.2,3.47,150
1411,1,53.1,2.51,147
1412,0,59.8,3.51,140
1413,1,63.4,3.62,139
1414,1,64.6,3.02,144
1415,0,67.4,2.62,149
1416,1,57.8,3.32,148
1417,0,54.6,1.94,148
1418,0,76.9,3.85,158
1419,0,68,3.01,161
1420,0,66.9,3.51,163
1421,0,61,3.42,148
1422,1,67.5,2.67,146
1423,1,69.9,3.06,138
1424,1,90.6,3.98,159
1425,1,70.7,2.92,146
1426,1,86.3,3.12,152
1427,0,75.7,3.13,149
1428,0,71.4,3.4,160
1429,0,65.1,3.78,161
1430,0,79.5,3.89,162
1431,1,73.5,3.31,145
1432,0,48.5,2.94,146
1433,0,71.8,3.59,151
1434,0,73.1,3.32,156
1435,1,70.9,3.24,149
1436,1,75.2,3.34,154
1437,1,69.7,3.84,141
1438,0,59.9,3.17,156
1439,0,69.9,3.49,147
1440,0,67.4,3.75,152
1441,0,63.7,3.3,153
1442,1,73.3,2.89,141
1443,0,77.7,3.66,152
1444,1,82.8,3.36,142
1445,0,29.7,2.49,142
1446,0,50.9,3.63,143
1447,0,54.2,3.57,152
1448,0,65.7,2.66,144
1449,1,76.7,3.24,154
1450,0,60.2,3.41,154
1451,1,71.3,3.22,148
1452,0,67.9,3.78,156
1453,0,44.4,2.71,143
1454,0,60.9,3.02,151
1455,0,66.8,3.28,144
1456,1,64.3,3.42,143
1457,0,68.2,2.99,154
1458,1,84.1,3.38,154
1459,0,74.4,3.78,165
1460,0,50.2,3.7,151
1461,1,65.1,3.1,142
1462,1,73.2,2.59,141
1463,1,75.7,3.01,155
1464,1,51.8,3.21,137
1465,1,78.2,3.62,147
1466,0,56.1,3.26,156
1467,0,57.1,3.79,150
1468,1,80.9,3.71,144
1469,1,80.7,3.84,145
1470,0,53.8,2.79,151
1471,0,89.9,3.98,164
1472,0,46.8,3.37,145
1473,0,68.8,3.1,161
1474,1,69.3,2.61,147
1475,1,81.9,3.08,154
1476,0,57.9,3.35,149
1477,0,52.2,2.53,152
1478,0,62.4,3.32,157
1479,0,79.6,3.76,150
1480,1,70.1,2.85,144
1481,0,74.2,3.5,147
1482,0,69.6,2.83,157
1483,0,66.2,3.47,154
1484,0,67.6,3.95,154
1485,1,73,2.41,153
1486,0,62.9,2.92,149
1487,0,74.6,3.97,152
1488,0,76.3,3.03,157
1489,1,62,3.16,142
1490,0,52,3.09,153
1491,1,73.2,3.02,140
1492,1,80.1,3.39,144
1493,1,70.8,3.47,155
1494,1,61.3,3.09,147
1495,1,75.6,3.16,150
1496,1,86.1,3.77,144
1497,1,72.3,3.82,150
1498,1,65.5,3.49,154
1499,1,76.9,3.59,158
1500,1,52.1,3.26,146
1501,1,61.9,3.34,145
1502,0,55.5,3.79,145
1503,0,63.3,3.99,149
1504,1,83,3.48,144
1505,1,71.2,2.62,143
1506,1,62.7,3.2,152
1507,0,73.9,3.8,155
1508,1,88.3,3.6,153
1509,1,70.9,3.92,148
1510,0,83,3.97,161
1511,0,78.7,3.87,158
1512,0,58.8,3.4,144
1513,0,60.2,3.25,143
1514,0,72.8,3.67,159
1515,1,55.1,3.25,139
1516,1,76,3.74,148
1517,0,54.3,3.75,160
1518,1,74.6,3.45,161
1519,0,73.1,3.51,162
1520,1,84.5,3.72,157
1521,1,83.9,2.93,158
1522,1,80.3,3.63,160
1523,0,75.9,3.77,153
1524,1,81.2,3.42,155
1525,0,51.8,2.56,153
1526,0,65.1,3.87,150
1527,1,69.6,3.37,151
1528,1,69.2,3.81,142
1529,1,70.6,2.92,142
1530,1,75.2,3.32,141
1531,0,66.7,3.47,154
1532,0,56,3.23,145
1533,1,69.5,3.25,146
1534,1,68.8,2.92,144
1535,1,77.2,3.56,153
1536,1,73.7,3.74,152
1537,1,62.7,3.41,138
1538,0,56.7,2.69,142
1539,0,48.7,3.3,143
1540,0,71.7,3.71,158
1541,0,72,3.14,153
1542,0,80.5,3.2,159
1543,0,68,2.92,156
1544,1,86.2,3.8,165
1545,1,81.8,3.17,146
1546,0,65.8,3.42,144
1547,0,56.2,3.5,149
1548,1,76.6,3.14,153
1549,1,76.3,3.64,148
1550,0,74.5,3.5,158
1551,1,55.4,2.64,144
1552,1,74,2.58,149
1553,0,69.5,3.8,160
1554,0,61.7,2.34,152
1555,0,67.9,3.31,143
1556,1,68.3,2.67,144
1557,0,73.4,3.65,147
1558,0,69.6,3.76,153
1559,0,66.6,3.02,155
1560,0,53.8,3.82,161
1561,1,78.4,3.59,144
1562,1,75.2,3.56,158
1563,1,75.5,3.3,152
1564,0,71.2,3.32,150
1565,1,67.1,3.22,143
1566,1,74.3,2.82,153
1567,1,78.9,3.54,143
1568,1,71,3.48,139
1569,1,71.7,3.86,153
1570,1,77.1,3.39,143
1571,1,80.3,3.04,151
1572,0,69.8,3.44,159
1573,1,66.4,3.73,154
1574,1,65.5,3.64,155
1575,0,66.2,3.28,155
1576,0,62,3.46,143
1577,0,61.5,3.32,140
1578,0,77.6,3.4,166
1579,1,91.1,3.73,146
1580,0,59.9,3.26,147
1581,1,72.8,2.92,154
1582,1,71.6,3.38,157
1583,1,71.7,3.3,136
1584,0,86.8,3.91,164
1585,0,57.5,3.44,152
1586,1,75.2,3.44,145
1587,1,75.2,3.16,143
1588,1,56.3,2.71,133
1589,1,77.9,3.9,152
1590,1,69.7,2.6,154
1591,0,58.2,3.33,139
1592,0,77.7,3.55,144
1593,0,72,3.6,158
1594,0,70.3,3.92,154
1595,0,76.2,4,157
1596,1,76.4,3.81,150
1597,0,63,3.71,149
1598,0,65.5,3.61,140
1599,1,73.2,3.4,151
1600,0,59,3.51,147
1601,0,72,3.67,148
1602,0,79.8,3.16,156
1603,0,75.4,3.82,151
1604,0,74.8,2.86,153
1605,0,20,2.26,144
1606,0,78.8,3.59,154
1607,0,67.4,3.47,156
1608,0,65.2,3.77,160
1609,1,71.2,3.29,147
1610,1,68.2,3.43,153
1611,1,88.1,3.51,159
1612,1,100,3.85,169
1613,0,51.6,3.59,144
1614,0,50.5,3.42,147
1615,1,73.2,3.38,157
1616,1,65.2,2.82,145
1617,1,89.6,3.81,160
1618,1,89.6,3.72,148
1619,1,65.6,2.98,146
1620,0,78.5,3.41,156
1621,0,65.1,2.89,149
1622,1,63,3.9,159
1623,1,73.5,3.56,142
1624,0,59.3,3.69,152
1625,0,69.7,3.06,156
1626,0,79.1,3.4,161
1627,1,53.1,2.47,148
1628,0,68,3.13,142
1629,0,70.4,3.35,160
1630,0,70.7,2.97,154
1631,0,72.8,3.65,155
1632,1,66,3.54,155
1633,0,53.1,2.82,154
1634,0,59.9,3.64,159
1635,0,71.5,3.97,160
1636,1,64.6,3.39,143
1637,1,76.4,3.98,146
1638,1,67.5,2.31,143
1639,1,57.5,2.87,144
1640,0,68.3,3.41,160
1641,0,58,3.55,163
1642,1,76.4,3.76,150
1643,0,60.8,3.86,156
1644,1,70.9,3.27,138
1645,0,69.5,3.26,146
1646,0,60.8,3.33,142
1647,0,64.6,3.22,147
1648,1,76.7,3.44,153
1649,1,76.8,3.94,151
1650,1,74.2,3.73,156
1651,0,63.7,3.28,158
1652,1,84.9,3.15,153
1653,0,66.8,3.45,149
1654,0,66.3,3.4,154
1655,0,57.7,2.36,142
1656,0,57.4,3.01,145
1657,0,78.7,3.81,164
1658,0,64,3.83,151
1659,0,70.7,3.17,157
1660,0,63.1,3.4,148
1661,0,57,2.95,154
1662,0,57.8,3.66,152
1663,1,65.3,3.24,152
1664,0,58.3,2.94,152
1665,1,90.1,3.7,152
1666,0,73,3.71,163
1667,0,58.2,3.29,149
1668,0,53,3.06,152
1669,0,73.8,2.83,158
1670,1,50.6,3.2,152
1671,1,68.7,2.56,143
1672,1,64,3.69,145
1673,0,48,2.97,156
1674,1,77.5,3.31,153
1675,0,50.2,3.1,140
1676,0,76.9,3.66,153
1677,1,55.4,3.57,152
1678,1,61.8,2.88,137
1679,0,44.8,3.63,146
1680,0,40.8,3.16,141
1681,1,73.4,3.82,143
1682,1,78.5,3.8,150
1683,0,66.5,3.48,145
1684,1,74.5,3.11,157
1685,0,51.2,3.26,145
1686,1,76.3,2.99,142
1687,1,83.5,3.92,153
1688,1,73.9,3.53,141
1689,1,51.2,3.67,151
1690,1,88,3.4,152
1691,0,47.5,3.61,147
1692,1,83.5,3.63,151
1693,1,80,3.62,145
1694,0,65.1,2.81,144
1695,1,66.6,2.9,147
1696,0,56.4,3.01,145
1697,1,72.3,3.45,147
1698,0,77.6,3.44,151
1699,1,55.9,2.67,139
1700,0,41.4,2.98,147
1701,1,74.3,2.63,145
1702,0,61.4,3.76,156
1703,1,87.4,3.28,149
1704,1,75.4,2.58,142
1705,0,65,3.09,142
1706,1,59.2,3,157
1707,0,74.9,3.65,162
1708,1,77.5,3.78,145
1709,1,66.4,2.86,135
1710,0,70.6,3.73,157
1711,0,71.2,3.62,153
1712,1,75.3,3.63,161
1713,0,60.3,3.72,161
1714,0,78.1,3.99,154
1715,1,77.3,3.24,142
1716,1,79.4,3.52,146
1717,1,68.9,2.96,145
1718,1,82.1,3.65,160
1719,1,79.5,2.78,156
1720,0,81,3.61,160
1721,0,62.6,3.99,144
1722,1,50.6,2.32,144
1723,1,71,3.21,151
1724,0,58.8,3.11,148
1725,1,67.1,2.79,156
1726,1,96.2,3.73,146
1727,1,80.9,3.14,156
1728,1,63.3,3.9,158
1729,0,56.7,2.79,149
1730,0,65.1,3.68,145
1731,0,69.3,3.69,158
1732,1,65.4,2.46,149
1733,1,69.9,3.81,154
1734,0,57.5,3.65,149
1735,0,63.6,2.97,161
1736,1,81.2,3.4,152
1737,0,85.5,3.89,154
1738,1,51.7,2.86,144
1739,1,87.3,3.55,152
1740,0,72.9,3.52,149
1741,0,55.5,3.24,157
1742,0,73.9,3.27,153
1743,1,79.2,3.38,136
1744,1,79.2,3.93,145
1745,0,51.7,3.09,149
1746,0,50.4,3.39,145
1747,0,75.3,3.47,161
1748,0,85.9,3.95,164
1749,1,78,3.39,152
1750,1,66.8,3.97,146
1751,0,68.6,3.06,153
1752,1,80.7,3.23,154
1753,1,50.7,2.9,149
1754,1,65,2.95,140
1755,0,87.5,3.8,162
1756,1,79,3.87,159
1757,0,52.4,3.61,150
1758,0,65.5,3.12,151
1759,0,46.6,3.65,155
1760,0,51.1,2.9,158
1761,1,58.9,2.62,130
1762,1,59.7,3.25,138
1763,0,68.6,3.29,155
1764,0,66.6,3.03,153
1765,0,61.6,2.5,141
1766,1,70.1,3.29,150
1767,0,53.4,3.77,140
1768,0,73,3.89,153
1769,1,75.4,3.52,158
1770,1,92.8,3.73,153
1771,1,66.1,3.42,155
1772,1,61.6,2.53,137
1773,0,62.2,3.82,156
1774,0,57.4,3.93,142
1775,1,81.8,3.97,157
1776,1,72.7,3.15,145
1777,1,51.7,3.37,136
1778,1,79.8,3.56,145
1779,0,57.8,3.07,164
1780,1,52.1,2.84,147
1781,0,65,3.57,152
1782,0,57.3,3.1,146
1783,1,64.9,3.54,146
1784,0,56.4,3.58,151
1785,0,66.4,3.48,148
1786,1,44.3,1.95,141
1787,1,56.6,2.25,148
1788,0,85.2,3.86,164
1789,0,65.7,3.05,152
1790,0,53.6,3.55,150
1791,0,72.6,3.9,156
1792,0,55.4,3.42,159
1793,1,54,3.14,150
1794,0,64.1,3.39,152
1795,1,65.9,2.7,133
1796,1,61.7,2.57,139
1797,0,59.4,3.53,157
1798,0,46,3.41,142
1799,1,72.9,2.76,146
1800,0,65.1,2.5,144
1801,0,69.4,3.63,156
1802,1,85.8,3.59,155
1803,0,61.5,3.44,151
1804,0,55.4,3.25,159
1805,0,57,2.8,147
1806,1,63.7,3.4,155
1807,0,62.2,2.98,155
1808,0,82.3,3.6,157
1809,0,74.3,3.85,154
1810,0,62.1,3.35,146
1811,0,60,2.79,152
1812,0,56.5,2.73,153
1813,1,74.8,3.54,148
1814,1,73,3.58,152
1815,1,82.3,3.84,145
1816,1,53.5,2.77,144
1817,0,58.2,3.36,149
1818,0,69.9,3.68,151
1819,0,50.5,2.67,142
1820,1,77.7,3.59,152
1821,0,58.8,2.74,143
1822,1,73.7,3.51,152
1823,0,74.6,3.6,153
1824,0,67.9,3.01,158
1825,0,66.7,3.76,146
1826,0,77.7,3.6,159
1827,1,60.3,2.85,142
1828,0,80.3,3.67,157
1829,0,60.9,3.26,145
1830,1,76.9,3.42,148
1831,0,64.4,3.42,152
1832,1,60.3,2.94,146
1833,1,75.7,3.97,148
1834,0,56.7,3.04,157
1835,1,82.9,3.74,156
1836,1,75,2.6,147
1837,1,77.9,3.32,154
1838,1,81.8,3.4,144
1839,1,54.2,3.17,144
1840,0,71.8,3.41,165
1841,0,70.9,3.79,158
1842,0,65.7,3.1,141
1843,1,75.3,3.39,150
1844,1,70.1,3.45,145
1845,0,64.4,3.31,156
1846,1,82.9,3.43,153
1847,1,66.5,3.35,149
1848,0,81.1,3.64,161
1849,1,77,3.77,161
1850,0,69.6,3.21,151
1851,0,78,3.62,149
1852,0,69.5,3.64,158
1853,1,85.8,3.7,146
1854,0,79.6,3.59,157
1855,1,59.9,2.52,138
1856,0,76.7,3.77,155
1857,1,77,3.76,142
1858,1,70.6,3.14,148
1859,0,63.7,3.53,161
1860,0,71.7,3.04,155
1861,1,79.4,3.13,145
1862,1,62.6,2.39,154
1863,0,71,3.23,153
1864,1,76.6,3.8,149
1865,1,69.6,3.36,146
1866,1,91.1,3.62,153
1867,0,64.5,3.58,160
1868,1,82,3.56,146
1869,0,55.6,3.67,153
1870,1,77.2,3.38,145
1871,0,68.1,3.55,154
1872,0,67,3.86,146
1873,0,75,3.74,147
1874,0,42.6,2.68,134
1875,1,75.1,3.13,147
1876,0,78.2,3.97,157
1877,1,74,3.44,138
1878,0,71.3,3.54,159
1879,0,73.3,3.76,157
1880,1,62.1,3.05,148
1881,0,80.3,3.47,153
1882,0,68.1,3.15,153
1883,1,82.3,3.84,151
1884,0,45,3.67,151
1885,0,45.4,2.79,147
1886,0,72.9,3.34,155
1887,0,76.3,3.2,151
1888,1,58.5,3.17,147
1889,0,62.6,3.5,141
1890,1,76.3,2.59,154
1891,0,65,3.74,150
1892,1,71.2,2.53,148
1893,1,77.3,3.04,148
1894,0,63.8,3.69,159
1895,1,68.6,2.35,139
1896,0,54.4,3.26,152
1897,0,70,3.49,153
1898,0,71.5,3.25,149
1899,0,74.2,3.52,158
1900,0,68.5,3.67,160
1901,0,71,3.84,157
1902,0,81.6,3.69,152
1903,1,81.3,3.91,149
1904,1,84.2,3.69,137
1905,0,71.4,3.28,156
1906,0,76.1,3.55,158
1907,1,71.3,2.96,159
1908,1,76.9,3.75,149
1909,0,71.8,3.71,151
1910,1,56.9,2.34,144
1911,1,64.4,2.87,143
1912,1,64.4,3.56,144
1913,1,62.3,3.04,144
1914,0,60.6,3.29,147
1915,1,83.6,3.84,157
1916,0,79.4,3.48,158
1917,0,74.2,3.11,158
1918,1,69.6,3.35,146
1919,0,52.9,3.27,144
1920,0,74.4,3.81,155
1921,0,76.2,3.95,159
1922,0,48.4,3.02,143
1923,1,64.9,2.73,141
1924,0,41.8,3.13,148
1925,0,62.5,3.18,153
1926,1,58.1,3.61,142
1927,0,61.4,2.68,145
1928,0,85.1,3.8,162
1929,1,60.9,3.44,139
1930,1,65.6,2.64,141
1931,0,62.9,3.21,155
1932,0,39.2,3.22,147
1933,0,72.8,3.65,155
1934,0,64.5,3.31,143
1935,1,82,3.43,145
1936,1,63.9,3.84,152
1937,1,74.2,3.91,141
1938,0,56.8,2.89,151
1939,0,78.3,3.69,164
1940,0,63,3.63,143
1941,0,50.6,2.64,157
1942,0,67.2,3.39,146
1943,0,66,3.22,144
1944,1,69.5,2.92,142
1945,0,72,3.62,153
1946,1,51.7,2.3,141
1947,0,75.8,3.96,154
1948,0,74.4,3.62,153
1949,1,70.4,3.58,146
1950,1,82.8,3.44,155
1951,1,56.7,3.12,143
1952,1,76,3.6,152
1953,1,89,3.88,152
1954,0,67,2.85,153
1955,0,65.9,3.37,157
1956,1,75.5,3.33,146
1957,0,82.7,3.65,162
1958,0,59.2,3.07,162
1959,1,82.2,3.98,158
1960,0,72.5,3.25,154
1961,0,65.5,3.24,155
1962,0,66.5,3.33,148
1963,0,57,3.82,144
1964,0,72.6,3.64,159
1965,1,72.2,3.45,146
1966,1,80.3,3.59,150
1967,0,73.7,3.71,146
1968,0,70,3.43,161
1969,1,60.4,3.3,155
1970,1,74.9,3.39,149
1971,1,84.4,3.57,140
1972,1,64.4,3.67,156
1973,0,63.4,3.59,148
1974,1,72.4,2.92,143
1975,0,61.2,3.33,157
1976,0,65.5,2.93,157
1977,0,63.8,3.15,153
1978,1,80.8,3.75,151
1979,0,77,3.92,156
1980,1,83.7,3.75,153
1981,1,77.9,3.35,147
1982,1,72.1,3,143
1983,1,85.5,3.7,151
1984,0,79.9,3.96,159
1985,0,43,3.29,150
1986,0,63.9,3.63,142
1987,1,89.8,3.62,157
1988,0,61.3,3.3,148
1989,0,83.3,3.89,158
1990,1,66,2.79,145
1991,1,75.6,3.53,138
1992,0,72,3.71,153
1993,0,50.7,3.55,159
1994,1,58.2,2.84,135
1995,0,79.7,3.8,159
1996,0,77.7,3.44,164
1997,1,76.5,2.99,145
1998,0,70.2,3.69,163
1999,0,44.1,2.53,141
2000,1,73.3,3.05,148
2001,1,69.1,3.44,155
2002,0,65,2.78,150
2003,0,81.6,3.9,159
2004,0,63,3.86,151
2005,0,48.4,2.41,136
2006,0,68.6,3.38,151
2007,0,55.4,2.8,147
2008,0,75.1,3.15,151
2009,1,67.2,3.72,146
2010,1,78.1,3.06,152
2011,1,68,3.52,148
2012,1,67,2.71,146
2013,0,69,3.93,154
2014,0,57,3.2,145
2015,1,77.6,2.98,138
2016,0,63.1,3.66,163
2017,0,64.8,3.75,151
2018,0,69.9,3.66,143
2019,0,58.8,3.15,147
2020,1,78.9,3.51,154
2021,0,65.8,3.41,155
2022,0,44.3,3.17,150
2023,1,64.6,2.65,152
2024,1,93.1,3.74,145
2025,1,72.1,3.17,149
2026,1,83,3.99,150
2027,0,65,3.35,152
2028,0,69.4,3.66,163
2029,0,78.8,3.96,159
2030,0,63.7,3.36,154
2031,1,85.7,3.78,159
2032,0,54.9,3.45,158
2033,0,61.8,3.53,159
2034,0,57.2,3.48,144
2035,1,75.2,3.57,157
2036,0,66.6,3.42,162
2037,1,64.4,3.79,148
2038,0,70,3.2,152
2039,1,89.4,3.53,151
2040,0,68.1,3.41,150
2041,0,50.4,2.79,149
2042,0,70.9,3.22,155
2043,0,44.3,2.95,147
2044,1,84.8,3.97,139
2045,1,56.8,2.91,141
2046,1,76.2,3.44,140
2047,1,83.8,3.01,154
2048,0,74.3,3.55,151
2049,0,50,3.26,143
2050,1,76.9,3.33,163
2051,0,80.3,3.88,161
2052,1,76.8,3.69,155
2053,0,72.4,3.84,157
2054,0,62.8,3.26,145
2055,0,38.9,2.93,146
2056,0,69.9,3.83,159
2057,1,62.5,3.04,141
2058,1,61.3,2.95,157
2059,1,49.4,2.22,148
2060,1,74.5,2.97,149
2061,1,55,3.24,141
2062,0,74.8,3.91,162
2063,1,69.8,2.84,155
2064,0,71.4,3.2,153
2065,0,79.9,3.93,151
2066,1,73.2,2.53,149
2067,0,64.2,3.99,160
2068,0,73.6,3.35,150
2069,0,67.9,3.41,146
2070,0,64.1,3.68,153
2071,0,62,3.55,161
2072,1,76.9,3.91,146
2073,1,70.5,3.06,148
2074,0,49.6,2.83,158
2075,0,64,3.75,157
2076,0,66.7,3.5,156
2077,1,57.6,3.57,147
2078,1,90.5,3.69,150
2079,1,73.2,3.56,155
2080,0,55.5,3.88,150
2081,0,67.3,2.91,157
2082,1,53.8,3.27,142
2083,1,74.9,3.4,157
2084,1,60.7,2.69,149
2085,0,59.5,3.89,143
2086,1,70.4,3.61,163
2087,1,48.6,3.15,150
2088,1,66.6,3.68,150
2089,0,80.1,3.59,156
2090,1,67,3.15,145
2091,0,72.8,3.53,152
2092,1,83.1,3.12,147
2093,0,70,3.77,160
2094,1,73.8,2.8,139
2095,1,79.4,3.58,153
2096,0,70.7,3.92,154
2097,0,75.9,3.6,151
2098,0,65.3,3.11,152
2099,0,78.8,2.96,152
2100,0,40.9,2.69,145
2101,1,67.7,3.73,159
2102,1,62.4,3.59,141
2103,0,60.9,3.53,145
2104,1,75.9,3.85,151
2105,1,67.5,2.82,158
2106,0,68.7,3.77,142
2107,1,50.5,2.84,139
2108,0,69.7,3.36,156
2109,0,58.8,2.45,148
2110,0,57.3,2.69,136
2111,0,54,3.14,151
2112,0,59.3,3.65,152
2113,0,62.3,3.61,153
2114,1,85.4,3.97,144
2115,1,90.6,3.72,150
2116,0,64.9,3.73,150
2117,1,75,3.02,155
2118,0,63.8,2.93,142
2119,0,54.4,3.2,145
2120,1,59.9,2.61,136
2121,1,78.6,3.45,147
2122,1,82,3.38,145
2123,1,63.7,3.24,157
2124,0,75.5,3.59,157
2125,1,65.9,2.78,144
2126,1,62.3,2.55,134
2127,1,77,3.79,148
2128,1,61.7,3.01,147
2129,0,56.1,3.06,140
2130,0,59.5,3.28,146
2131,1,61.5,3.11,151
2132,0,65.3,3.53,168
2133,0,56.1,3.39,146
2134,0,58.1,3.19,143
2135,0,92.7,4,160
2136,1,90,3.62,157
2137,0,68.7,3.61,156
2138,1,70.8,2.75,147
2139,0,72.5,3.94,148
2140,1,76.1,3.2,154
2141,0,70.1,3.67,162
2142,1,95.3,3.52,156
2143,1,65.8,3.46,152
2144,1,71.9,3.44,148
2145,1,72.9,3.55,152
2146,0,61,3.74,158
2147,1,60.9,3.49,153
2148,0,51,2.84,156
2149,1,63.5,3.06,158
2150,0,48.6,2.95,150
2151,0,53.4,3.17,144
2152,1,59.4,3.45,144
2153,0,80.4,3.83,150
2154,1,72.4,3.46,158
2155,1,67.6,3.98,144
2156,1,66.8,2.59,143
2157,0,61.7,3.27,152
2158,0,65.8,3.46,161
2159,0,64.7,3.69,158
2160,0,58.9,3.38,153
2161,0,64,3.4,150
2162,1,73.5,3.81,147
2163,0,69.7,3.34,140
2164,0,71.3,3.47,152
2165,0,69.4,3.85,160
2166,0,67.1,2.69,149
2167,0,87.4,3.92,166
2168,1,74.6,3.2,154
2169,1,88.3,3.53,155
2170,1,65.9,2.73,140
2171,0,67.2,3.44,154
2172,1,77,3.63,146
2173,0,72,3.12,159
2174,0,44,3.45,146
2175,1,62.5,3.03,143
2176,1,67.2,3.45,158
2177,1,76.4,3.38,147
2178,0,73.2,3.75,160
2179,1,71.4,3.87,151
2180,1,84.5,3.92,150
2181,0,40.2,3.3,147
2182,0,74.7,3.41,156
2183,1,71.4,2.91,138
2184,1,77.6,3.44,144
2185,1,71.8,3.31,155
2186,0,56.3,2.9,158
2187,0,63.1,3.64,158
2188,1,78.4,2.87,155
2189,0,64.5,2.79,155
2190,1,82.5,3.39,147
2191,1,65.2,2.91,148
2192,1,80.2,3.27,150
2193,1,77.4,3.15,147
2194,0,63.9,3.28,158
2195,0,55.8,3.63,160
2196,0,44.5,2.98,160
2197,0,55.9,3.49,162
2198,1,78.5,2.98,156
2199,1,70.8,3.09,141
2200,0,75,3.44,153
2201,1,69.4,3.46,140
2202,0,64.1,3.91,152
2203,1,75.1,3.3,155
2204,0,65.4,3.78,152
2205,1,80.9,2.65,155
2206,1,74.6,3.63,153
2207,0,72.6,3.92,151
2208,0,67.3,3.47,157
2209,0,73,3.43,154
2210,1,76.7,3.3,158
2211,1,82.5,3.57,159
2212,0,81.1,3.91,166
2213,0,67.3,3.97,153
2214,1,86.6,3.62,149
2215,0,71.1,3.25,160
2216,0,75.3,3.99,157
2217,0,55.2,3.04,155
2218,0,65.4,3.6,164
2219,1,67.9,2.68,138
2220,1,73.6,2.69,149
2221,0,63.5,3.09,143
2222,0,62.7,3.52,142
2223,1,58.3,3.22,141
2224,0,69.7,3.95,150
2225,0,75.3,3.93,146
2226,0,78.2,3.15,159
2227,0,54.8,2.9,140
2228,1,58.6,3.21,150
2229,0,64.8,2.85,152
2230,0,56.2,2.97,157
2231,0,87.4,3.87,166
2232,0,70.2,3.23,139
2233,1,59.8,3.3,149
2234,0,79.7,3.35,164
2235,0,71,3.96,164
2236,1,77.6,3.47,154
2237,0,69.2,3.94,160
2238,1,76.9,3.54,158
2239,0,73.9,3.91,152
2240,0,81.5,3.76,150
2241,0,58.5,3.86,149
2242,1,57.9,2.58,144
2243,1,74.1,3.45,149
2244,0,46,3.31,144
2245,0,55.5,2.72,153
2246,0,69.5,3.59,157
2247,0,83.5,3.81,168
2248,0,62.5,3.79,161
2249,0,67.7,3.15,152
2250,0,73.1,3.68,167
2251,1,69,3.7,146
2252,0,75,2.94,150
2253,1,74.1,3.84,145
2254,1,70.5,3.33,141
2255,0,58,3.62,141
2256,1,64.2,2.93,146
2257,0,57.2,3.06,154
2258,0,64.8,2.73,153
2259,1,81.2,3.45,146
2260,1,76.8,3.6,156
2261,0,47.6,3.37,147
2262,1,78.7,3.07,142
2263,0,66.4,3.8,150
2264,0,81.2,3.96,159
2265,0,62,3.36,165
2266,0,64.4,2.85,146
2267,1,80.1,3.86,145
2268,0,63.3,3.9,158
2269,1,64.3,3.08,148
2270,1,94,3.79,155
2271,1,75.4,3.84,154
2272,0,67.2,3.69,148
2273,1,74.3,3.06,149
2274,0,65.2,3.23,152
2275,1,74.1,3.25,159
2276,1,62.3,3.2,145
2277,1,71.3,2.92,154
2278,1,65,3.75,158
2279,1,93.4,3.93,160
2280,0,90.5,3.9,154
2281,1,81.8,3.5,155
2282,0,62.9,3.58,164
2283,1,55.9,3.04,145
2284,1,62.2,3.11,147
2285,1,76.8,3.56,153
2286,0,80.3,3.88,158
2287,1,76.8,2.72,145
2288,0,81,3.98,159
2289,0,87.1,3.65,164
2290,1,84.9,3.42,151
2291,1,85.9,3.73,155
2292,1,73.8,3.26,148
2293,1,66.4,2.37,140
2294,1,97.8,3.84,159
2295,0,71.5,3.27,155
2296,1,84.5,3.07,155
2297,0,62.2,3.84,150
2298,1,93.8,3.78,152
2299,0,59.6,3.48,148
2300,0,50.5,2.93,154
2301,0,66,3.59,156
2302,1,71.9,2.83,153
2303,1,73.1,3.12,148
2304,0,37.3,3.14,151
2305,1,59.6,2.69,141
2306,1,77.7,3.07,148
2307,1,59.7,2.82,146
2308,0,77,3.7,166
2309,1,72.4,3.75,142
2310,1,81.5,3.13,157
2311,0,66.4,3.75,161
2312,0,61.8,3.61,144
2313,0,76.9,3.89,147
2314,1,81.8,3.01,145
2315,1,80.1,3.39,161
2316,1,84.5,3.17,148
2317,1,60.7,3.1,143
2318,0,70.3,3.54,159
2319,0,64,3.75,158
2320,1,56.8,2.38,138
2321,1,86.6,3.82,161
2322,1,48.2,2.54,143
2323,1,68.2,3.7,153
2324,1,72.2,2.61,142
2325,1,79.7,3.17,154
2326,1,79.9,3.55,145
2327,1,62.8,3.15,148
2328,0,72.3,2.89,154
2329,1,78.1,3.61,161
2330,1,61.5,3.16,146
2331,1,66,3.25,146
2332,0,51.1,3.53,139
2333,1,65,3.48,149
2334,1,60.1,3.18,157
2335,1,57.8,2.84,141
2336,1,75.4,3.68,151
2337,1,72.3,3.27,151
2338,1,68.3,3.43,155
2339,1,69.6,3.76,148
2340,1,67.2,2.71,141
2341,0,65.6,2.72,155
2342,0,50.3,3.51,147
2343,0,61.4,3.42,153
2344,0,75.3,3.77,163
2345,0,68.5,3.73,151
2346,1,59.4,3.1,149
2347,1,71.3,3.93,148
2348,1,75.1,3.59,145
2349,1,71,3.49,148
2350,1,63.6,2.67,158
2351,0,65.9,3,159
2352,0,61.5,3.41,153
2353,0,47.4,2.63,136
2354,0,75.2,3.31,156
2355,1,83.6,3.82,148
2356,1,70.5,3.75,155
2357,0,56.4,3.2,142
2358,1,75.7,2.73,146
2359,0,72.7,3.49,152
2360,1,75,3.2,146
2361,1,63.2,3.24,157
2362,1,93,3.96,149
2363,1,66.1,2.79,150
2364,0,57.9,3.33,147
2365,0,78.5,3.78,160
2366,0,71,3.73,156
2367,0,65,3.6,141
2368,1,65.4,3.14,148
2369,1,73.8,3.44,147
2370,1,70.1,3.08,143
2371,0,64.2,3.91,162
2372,0,63.3,3.7,150
2373,1,74,3.26,152
2374,1,78,3.99,152
2375,0,74.4,3.25,157
2376,1,81.5,2.9,151
2377,1,68.5,3.69,157
2378,0,55.7,3.45,154
2379,1,77.7,3.23,154
2380,0,59.2,2.84,158
2381,0,77.8,3.39,162
2382,0,63.7,3.42,158
2383,1,74.5,2.96,138
2384,0,56.2,3.44,152
2385,0,65.9,3.29,158
2386,0,66.4,3.33,160
2387,1,66.6,3.83,149
2388,1,85.5,3.52,157
2389,0,64.4,3.55,148
2390,1,90.9,3.73,168
2391,1,53.2,2.72,143
2392,1,67.6,3.45,158
2393,0,74.4,3.56,148
2394,0,58.3,3.36,152
2395,0,82.5,3.9,157
2396,0,60.9,2.78,143
2397,1,63.2,2.1,135
2398,1,69.4,2.9,153
2399,1,77.1,3.73,145
2400,1,56.1,2.79,143
2401,1,66,3.08,148
2402,1,76.4,3.5,163
2403,1,83.2,3.73,150
2404,0,81.1,3.86,161
2405,1,53.8,3.57,150
2406,1,73.4,3.51,149
2407,1,58.5,2.5,149
2408,0,70.8,3.89,148
2409,1,82.8,3.43,154
2410,1,58.6,2.8,149
2411,1,83,3.56,156
2412,0,67.8,3.72,145
2413,0,68.6,2.84,148
2414,0,42.7,3.23,147
2415,1,82,3.57,148
2416,1,72.9,2.91,151
2417,0,65.1,3.51,154
2418,1,78.9,3.53,149
2419,0,71.2,3.13,160
2420,0,79.1,3.84,152
2421,0,39.8,2.62,151
2422,0,61.5,2.99,154
2423,0,81.8,3.09,160
2424,0,70.4,3.42,159
2425,1,83.7,3.23,153
2426,1,60.8,2.89,148
2427,0,58.8,2.87,144
2428,1,69.7,3.59,150
2429,1,62.5,3.57,151
2430,1,55.2,3.48,149
2431,0,77.5,3.88,161
2432,1,86.7,3.77,159
2433,1,59.2,3.68,146
2434,1,78.1,3.26,152
2435,0,67.3,3.92,141
2436,0,54.4,3.63,145
2437,0,60.8,2.85,151
2438,0,62,3.29,157
2439,1,65,3.77,159
2440,1,79.4,3.23,152
2441,0,53.3,3.6,155
2442,0,69.6,3.24,166
2443,0,67,3.77,148
2444,1,86.4,3.15,154
2445,0,67.5,2.92,160
2446,0,63.6,3.17,144
2447,0,73.9,3.44,150
2448,0,55.5,3.14,149
2449,0,59.3,2.86,146
2450,1,59.8,3.23,139
2451,0,64.1,3.97,156
2452,1,63.5,3.02,151
2453,1,70,3.29,144
2454,0,64.7,3.71,148
2455,0,57.3,3.41,154
2456,0,77.8,3.9,161
2457,0,52.5,3.75,149
2458,0,75.9,3.56,156
2459,1,60.3,3.37,137
2460,1,57.3,2.83,146
2461,0,62.5,3.1,151
2462,0,51.3,2.91,146
2463,0,63,3.42,142
2464,0,60.3,3.5,153
2465,0,76.3,3.82,166
2466,1,63.4,3.21,146
2467,0,68.3,3.07,162
2468,0,58.6,3.51,159
2469,0,62.7,3.36,151
2470,0,70.5,3.47,159
2471,1,86.4,3.16,159
2472,0,76.6,3.93,157
2473,0,50,3.14,161
2474,1,69.4,2.65,142
2475,1,58.3,3.57,143
2476,0,68.5,3.53,160
2477,1,83,3.15,164
2478,1,60.3,3.6,151
2479,0,56.5,3.67,162
2480,1,73.9,3.78,152
2481,0,74.8,3.07,155
2482,1,76.7,3.62,158
2483,1,65.7,2.97,152
2484,1,70.7,2.29,148
2485,1,88.6,3.97,152
2486,1,91,3.71,155
2487,1,62.6,3.63,142
2488,0,81.5,3.69,161
2489,0,67,2.59,161
2490,1,65.5,3.01,146
2491,1,74.9,3.17,151
2492,0,76.5,3.41,143
2493,1,83.2,3.68,148
2494,1,81.4,3.52,146
2495,1,81.5,3.82,150
2496,1,62,3.36,150
2497,0,73.2,3.58,156
2498,0,85.7,3.95,149
2499,0,65.3,3.74,159
2500,0,63.5,3.25,149
